Borough,Grade,Year,Category,Number Tested,Mean Scale Score,Level1,Level1p,Level2,Level2p,Level3,Level3p,Level4,Level4p,Level3&4,Level3&4p
BRONX,3,2006,Female,7984,664,911,11.40%,1635,20.50%,4232,53.00%,1206,15.10%,5438,68.10%
BRONX,3,2006,Male,8461,663,1151,13.60%,1622,19.20%,4386,51.80%,1302,15.40%,5688,67.20%
BRONX,3,2007,Female,7803,675,484,6.20%,1296,16.60%,4410,56.50%,1613,20.70%,6023,77.20%
BRONX,3,2007,Male,8386,673,761,9.10%,1344,16.00%,4586,54.70%,1695,20.20%,6281,74.90%
BRONX,3,2008,Female,7556,678,249,3.30%,958,12.70%,5123,67.80%,1226,16.20%,6349,84.00%
BRONX,3,2008,Male,8080,676,421,5.20%,1103,13.70%,5324,65.90%,1232,15.20%,6556,81.10%
BRONX,3,2009,Female,7659,683,84,1.10%,683,8.90%,5519,72.10%,1373,17.90%,6892,90.00%
BRONX,3,2009,Male,8150,680,174,2.10%,883,10.80%,5776,70.90%,1317,16.20%,7093,87.00%
BRONX,3,2010,Female,7653,683,1200,15.70%,3109,40.60%,2274,29.70%,1070,14.00%,3344,43.70%
BRONX,3,2010,Male,8213,683,1438,17.50%,3228,39.30%,2355,28.70%,1192,14.50%,3547,43.20%
BRONX,3,2011,Female,7714,679,1199,15.50%,3249,42.10%,2900,37.60%,366,4.70%,3266,42.30%
BRONX,3,2011,Male,8104,678,1367,16.90%,3377,41.70%,2853,35.20%,507,6.30%,3360,41.50%
BRONX,4,2006,Female,7738,658,997,12.90%,2073,26.80%,3763,48.60%,905,11.70%,4668,60.30%
BRONX,4,2006,Male,8060,658,1215,15.10%,1852,23.00%,3939,48.90%,1054,13.10%,4993,61.90%
BRONX,4,2007,Female,7721,663,823,10.70%,1884,24.40%,4021,52.10%,993,12.90%,5014,64.90%
BRONX,4,2007,Male,8345,662,1083,13.00%,1891,22.70%,4181,50.10%,1190,14.30%,5371,64.40%
BRONX,4,2008,Female,7623,668,599,7.90%,1439,18.90%,4460,58.50%,1125,14.80%,5585,73.30%
BRONX,4,2008,Male,8122,667,805,9.90%,1504,18.50%,4550,56.00%,1263,15.60%,5813,71.60%
BRONX,4,2009,Female,7532,678,420,5.60%,1050,13.90%,4297,57.00%,1765,23.40%,6062,80.50%
BRONX,4,2009,Male,7999,677,611,7.60%,1138,14.20%,4334,54.20%,1916,24.00%,6250,78.10%
BRONX,4,2010,Female,7739,674,678,8.80%,3496,45.20%,2513,32.50%,1052,13.60%,3565,46.10%
BRONX,4,2010,Male,8167,673,846,10.40%,3484,42.70%,2719,33.30%,1118,13.70%,3837,47.00%
BRONX,4,2011,Female,7715,676,639,8.30%,3139,40.70%,2868,37.20%,1069,13.90%,3937,51.00%
BRONX,4,2011,Male,8196,674,892,10.90%,3259,39.80%,2932,35.80%,1113,13.60%,4045,49.40%
BRONX,5,2006,Female,8098,648,1360,16.80%,2869,35.40%,3291,40.60%,578,7.10%,3869,47.80%
BRONX,5,2006,Male,8295,646,1615,19.50%,2671,32.20%,3407,41.10%,602,7.30%,4009,48.30%
BRONX,5,2007,Female,7903,657,815,10.30%,2462,31.20%,3867,48.90%,759,9.60%,4626,58.50%
BRONX,5,2007,Male,8357,655,1145,13.70%,2419,28.90%,3935,47.10%,858,10.30%,4793,57.40%
BRONX,5,2008,Female,7549,665,467,6.20%,1681,22.30%,4399,58.30%,1002,13.30%,5401,71.50%
BRONX,5,2008,Male,8213,663,769,9.40%,1764,21.50%,4558,55.50%,1122,13.70%,5680,69.20%
BRONX,5,2009,Female,7486,675,251,3.40%,1221,16.30%,4329,57.80%,1685,22.50%,6014,80.30%
BRONX,5,2009,Male,8013,672,413,5.20%,1371,17.10%,4461,55.70%,1768,22.10%,6229,77.70%
BRONX,5,2010,Female,7500,674,709,9.50%,3178,42.40%,2591,34.50%,1022,13.60%,3613,48.20%
BRONX,5,2010,Male,8020,672,1010,12.60%,3148,39.30%,2740,34.20%,1122,14.00%,3862,48.20%
BRONX,5,2011,Female,7655,676,659,8.60%,3005,39.30%,3057,39.90%,934,12.20%,3991,52.10%
BRONX,5,2011,Male,8050,674,902,11.20%,3086,38.30%,3058,38.00%,1004,12.50%,4062,50.50%
BRONX,6,2006,Female,7806,637,1911,24.50%,2878,36.90%,2691,34.50%,326,4.20%,3017,38.60%
BRONX,6,2006,Male,8025,636,2184,27.20%,2720,33.90%,2776,34.60%,345,4.30%,3121,38.90%
BRONX,6,2007,Female,7494,649,1220,16.30%,2443,32.60%,3264,43.60%,567,7.60%,3831,51.10%
BRONX,6,2007,Male,8128,645,1642,20.20%,2685,33.00%,3252,40.00%,549,6.80%,3801,46.80%
BRONX,6,2008,Female,7479,656,753,10.10%,2117,28.30%,3837,51.30%,772,10.30%,4609,61.60%
BRONX,6,2008,Male,7896,652,1084,13.70%,2290,29.00%,3704,46.90%,818,10.40%,4522,57.30%
BRONX,6,2009,Female,7347,665,460,6.30%,1729,23.50%,4196,57.10%,962,13.10%,5158,70.20%
BRONX,6,2009,Male,8093,660,771,9.50%,2127,26.30%,4189,51.80%,1006,12.40%,5195,64.20%
BRONX,6,2010,Female,7433,666,1099,14.80%,3221,43.30%,2096,28.20%,1017,13.70%,3113,41.90%
BRONX,6,2010,Male,7975,663,1481,18.60%,3351,42.00%,2154,27.00%,989,12.40%,3143,39.40%
BRONX,6,2011,Female,7429,669,1033,13.90%,3084,41.50%,2411,32.50%,901,12.10%,3312,44.60%
BRONX,6,2011,Male,7962,665,1496,18.80%,3229,40.60%,2360,29.60%,877,11.00%,3237,40.70%
BRONX,7,2006,Female,8272,631,1931,23.30%,3742,45.20%,2414,29.20%,185,2.20%,2599,31.40%
BRONX,7,2006,Male,8383,628,2261,27.00%,3631,43.30%,2312,27.60%,179,2.10%,2491,29.70%
BRONX,7,2007,Female,7889,645,1061,13.40%,3309,41.90%,3035,38.50%,484,6.10%,3519,44.60%
BRONX,7,2007,Male,8317,640,1510,18.20%,3437,41.30%,2899,34.90%,471,5.70%,3370,40.50%
BRONX,7,2008,Female,7736,655,499,6.50%,2567,33.20%,4002,51.70%,668,8.60%,4670,60.40%
BRONX,7,2008,Male,8295,649,852,10.30%,2979,35.90%,3845,46.40%,619,7.50%,4464,53.80%
BRONX,7,2009,Female,7613,664,185,2.40%,1802,23.70%,4863,63.90%,763,10.00%,5626,73.90%
BRONX,7,2009,Male,7998,662,314,3.90%,2131,26.60%,4688,58.60%,865,10.80%,5553,69.40%
BRONX,7,2010,Female,7433,662,1258,16.90%,3129,42.10%,2127,28.60%,919,12.40%,3046,41.00%
BRONX,7,2010,Male,8121,659,1522,18.70%,3597,44.30%,2134,26.30%,868,10.70%,3002,37.00%
BRONX,7,2011,Female,7542,664,1088,14.40%,3284,43.50%,2272,30.10%,898,11.90%,3170,42.00%
BRONX,7,2011,Male,7903,662,1440,18.20%,3239,41.00%,2204,27.90%,1020,12.90%,3224,40.80%
BRONX,8,2006,Female,8346,629,2631,31.50%,3499,41.90%,2012,24.10%,204,2.40%,2216,26.60%
BRONX,8,2006,Male,8392,624,2917,34.80%,3443,41.00%,1862,22.20%,170,2.00%,2032,24.20%
BRONX,8,2007,Female,8201,636,2076,25.30%,3428,41.80%,2437,29.70%,260,3.20%,2697,32.90%
BRONX,8,2007,Male,8528,633,2424,28.40%,3525,41.30%,2342,27.50%,237,2.80%,2579,30.20%
BRONX,8,2008,Female,7718,648,994,12.90%,2980,38.60%,3296,42.70%,448,5.80%,3744,48.50%
BRONX,8,2008,Male,8094,644,1416,17.50%,3018,37.30%,3238,40.00%,422,5.20%,3660,45.20%
BRONX,8,2009,Female,7786,661,419,5.40%,2295,29.50%,4381,56.30%,691,8.90%,5072,65.10%
BRONX,8,2009,Male,8268,656,605,7.30%,2718,32.90%,4403,53.30%,542,6.60%,4945,59.80%
BRONX,8,2010,Female,7708,663,1321,17.10%,3842,49.80%,1901,24.70%,644,8.40%,2545,33.00%
BRONX,8,2010,Male,8191,659,1892,23.10%,3923,47.90%,1808,22.10%,568,6.90%,2376,29.00%
BRONX,8,2011,Female,7543,665,1096,14.50%,3319,44.00%,2534,33.60%,594,7.90%,3128,41.50%
BRONX,8,2011,Male,8208,660,1573,19.20%,3675,44.80%,2436,29.70%,524,6.40%,2960,36.10%
BRONX,All Grades,2006,Female,48244,644,9741,20.20%,16696,34.60%,18403,38.10%,3404,7.10%,21807,45.20%
BRONX,All Grades,2006,Male,49616,642,11343,22.90%,15939,32.10%,18682,37.70%,3652,7.40%,22334,45.00%
BRONX,All Grades,2007,Female,47011,654,6479,13.80%,14822,31.50%,21034,44.70%,4676,9.90%,25710,54.70%
BRONX,All Grades,2007,Male,50061,651,8565,17.10%,15301,30.60%,21195,42.30%,5000,10.00%,26195,52.30%
BRONX,All Grades,2008,Female,45661,662,3561,7.80%,11742,25.70%,25117,55.00%,5241,11.50%,30358,66.50%
BRONX,All Grades,2008,Male,48700,659,5347,11.00%,12658,26.00%,25219,51.80%,5476,11.20%,30695,63.00%
BRONX,All Grades,2009,Female,45423,671,1819,4.00%,8780,19.30%,27585,60.70%,7239,15.90%,34824,76.70%
BRONX,All Grades,2009,Male,48521,668,2888,6.00%,10368,21.40%,27851,57.40%,7414,15.30%,35265,72.70%
BRONX,All Grades,2010,Female,45466,670,6265,13.80%,19975,43.90%,13502,29.70%,5724,12.60%,19226,42.30%
BRONX,All Grades,2010,Male,48687,668,8189,16.80%,20731,42.60%,13910,28.60%,5857,12.00%,19767,40.60%
BRONX,All Grades,2011,Female,45598,672,5714,12.50%,19080,41.80%,16042,35.20%,4762,10.40%,20804,45.60%
BRONX,All Grades,2011,Male,48423,669,7670,15.80%,19865,41.00%,15843,32.70%,5045,10.40%,20888,43.10%
BROOKLYN,3,2006,Female,11345,675,908,8.00%,1791,15.80%,5808,51.20%,2838,25.00%,8646,76.20%
BROOKLYN,3,2006,Male,11708,673,1115,9.50%,1851,15.80%,6012,51.30%,2730,23.30%,8742,74.70%
BROOKLYN,3,2007,Female,11192,685,513,4.60%,1367,12.20%,5806,51.90%,3506,31.30%,9312,83.20%
BROOKLYN,3,2007,Male,11569,681,725,6.30%,1496,12.90%,6116,52.90%,3232,27.90%,9348,80.80%
BROOKLYN,3,2008,Female,10622,686,266,2.50%,948,8.90%,6801,64.00%,2607,24.50%,9408,88.60%
BROOKLYN,3,2008,Male,11260,683,470,4.20%,1186,10.50%,7009,62.20%,2595,23.00%,9604,85.30%
BROOKLYN,3,2009,Female,10803,691,100,0.90%,694,6.40%,7172,66.40%,2837,26.30%,10009,92.70%
BROOKLYN,3,2009,Male,11015,688,207,1.90%,901,8.20%,7288,66.20%,2619,23.80%,9907,89.90%
BROOKLYN,3,2010,Female,10628,691,1200,11.30%,3630,34.20%,3458,32.50%,2340,22.00%,5798,54.60%
BROOKLYN,3,2010,Male,11440,689,1561,13.60%,3871,33.80%,3581,31.30%,2427,21.20%,6008,52.50%
BROOKLYN,3,2011,Female,10825,685,1145,10.60%,3703,34.20%,4753,43.90%,1224,11.30%,5977,55.20%
BROOKLYN,3,2011,Male,11355,684,1467,12.90%,3749,33.00%,4716,41.50%,1423,12.50%,6139,54.10%
BROOKLYN,4,2006,Female,11073,669,1046,9.40%,2196,19.80%,5545,50.10%,2286,20.60%,7831,70.70%
BROOKLYN,4,2006,Male,11521,670,1233,10.70%,2061,17.90%,5663,49.20%,2564,22.30%,8227,71.40%
BROOKLYN,4,2007,Female,10970,675,762,6.90%,2050,18.70%,5641,51.40%,2517,22.90%,8158,74.40%
BROOKLYN,4,2007,Male,11343,674,1019,9.00%,1910,16.80%,5683,50.10%,2731,24.10%,8414,74.20%
BROOKLYN,4,2008,Female,10938,680,589,5.40%,1557,14.20%,5874,53.70%,2918,26.70%,8792,80.40%
BROOKLYN,4,2008,Male,11186,677,828,7.40%,1599,14.30%,5804,51.90%,2955,26.40%,8759,78.30%
BROOKLYN,4,2009,Female,10607,690,373,3.50%,1079,10.20%,5396,50.90%,3759,35.40%,9155,86.30%
BROOKLYN,4,2009,Male,11123,687,580,5.20%,1267,11.40%,5533,49.70%,3743,33.70%,9276,83.40%
BROOKLYN,4,2010,Female,10971,684,693,6.30%,3845,35.00%,3813,34.80%,2620,23.90%,6433,58.60%
BROOKLYN,4,2010,Male,11134,684,872,7.80%,3809,34.20%,3756,33.70%,2697,24.20%,6453,58.00%
BROOKLYN,4,2011,Female,10665,686,626,5.90%,3413,32.00%,3978,37.30%,2648,24.80%,6626,62.10%
BROOKLYN,4,2011,Male,11439,684,890,7.80%,3714,32.50%,4103,35.90%,2732,23.90%,6835,59.80%
BROOKLYN,5,2006,Female,11583,662,1269,11.00%,3058,26.40%,5287,45.60%,1969,17.00%,7256,62.60%
BROOKLYN,5,2006,Male,11489,660,1651,14.40%,2836,24.70%,5013,43.60%,1989,17.30%,7002,60.90%
BROOKLYN,5,2007,Female,11129,672,709,6.40%,2307,20.70%,5732,51.50%,2381,21.40%,8113,72.90%
BROOKLYN,5,2007,Male,11733,669,1012,8.60%,2514,21.40%,5704,48.60%,2503,21.30%,8207,69.90%
BROOKLYN,5,2008,Female,10749,678,443,4.10%,1679,15.60%,5926,55.10%,2701,25.10%,8627,80.30%
BROOKLYN,5,2008,Male,11081,676,616,5.60%,1768,16.00%,5950,53.70%,2747,24.80%,8697,78.50%
BROOKLYN,5,2009,Female,10738,684,264,2.50%,1141,10.60%,5713,53.20%,3620,33.70%,9333,86.90%
BROOKLYN,5,2009,Male,10844,681,338,3.10%,1426,13.20%,5696,52.50%,3384,31.20%,9080,83.70%
BROOKLYN,5,2010,Female,10479,683,678,6.50%,3538,33.80%,3864,36.90%,2399,22.90%,6263,59.80%
BROOKLYN,5,2010,Male,10889,680,982,9.00%,3694,33.90%,3920,36.00%,2293,21.10%,6213,57.10%
BROOKLYN,5,2011,Female,10642,685,605,5.70%,3259,30.60%,4358,41.00%,2420,22.70%,6778,63.70%
BROOKLYN,5,2011,Male,10909,683,875,8.00%,3423,31.40%,4252,39.00%,2359,21.60%,6611,60.60%
BROOKLYN,6,2006,Female,11547,650,1922,16.60%,3560,30.80%,4785,41.40%,1280,11.10%,6065,52.50%
BROOKLYN,6,2006,Male,11823,648,2342,19.80%,3487,29.50%,4706,39.80%,1288,10.90%,5994,50.70%
BROOKLYN,6,2007,Female,10970,663,1237,11.30%,2692,24.50%,5058,46.10%,1983,18.10%,7041,64.20%
BROOKLYN,6,2007,Male,11326,658,1671,14.80%,2916,25.70%,4977,43.90%,1762,15.60%,6739,59.50%
BROOKLYN,6,2008,Female,10595,670,675,6.40%,2085,19.70%,5494,51.90%,2341,22.10%,7835,73.90%
BROOKLYN,6,2008,Male,11222,666,1004,8.90%,2477,22.10%,5392,48.00%,2349,20.90%,7741,69.00%
BROOKLYN,6,2009,Female,10541,676,406,3.90%,1784,16.90%,5840,55.40%,2511,23.80%,8351,79.20%
BROOKLYN,6,2009,Male,10887,672,689,6.30%,2125,19.50%,5609,51.50%,2464,22.60%,8073,74.20%
BROOKLYN,6,2010,Female,10614,677,1057,10.00%,3773,35.50%,3203,30.20%,2581,24.30%,5784,54.50%
BROOKLYN,6,2010,Male,10781,672,1467,13.60%,3950,36.60%,3064,28.40%,2300,21.30%,5364,49.80%
BROOKLYN,6,2011,Female,10411,679,984,9.50%,3450,33.10%,3470,33.30%,2507,24.10%,5977,57.40%
BROOKLYN,6,2011,Male,10866,675,1465,13.50%,3722,34.30%,3275,30.10%,2404,22.10%,5679,52.30%
BROOKLYN,7,2006,Female,11545,642,2043,17.70%,4278,37.10%,4370,37.90%,854,7.40%,5224,45.20%
BROOKLYN,7,2006,Male,12063,639,2549,21.10%,4501,37.30%,4107,34.00%,906,7.50%,5013,41.60%
BROOKLYN,7,2007,Female,11519,657,1062,9.20%,3852,33.40%,4916,42.70%,1689,14.70%,6605,57.30%
BROOKLYN,7,2007,Male,12109,651,1682,13.90%,4198,34.70%,4650,38.40%,1579,13.00%,6229,51.40%
BROOKLYN,7,2008,Female,11178,666,505,4.50%,2768,24.80%,5762,51.50%,2143,19.20%,7905,70.70%
BROOKLYN,7,2008,Male,11539,661,877,7.60%,3160,27.40%,5502,47.70%,2000,17.30%,7502,65.00%
BROOKLYN,7,2009,Female,10763,675,181,1.70%,1766,16.40%,6348,59.00%,2468,22.90%,8816,81.90%
BROOKLYN,7,2009,Male,11340,672,301,2.70%,2066,18.20%,6500,57.30%,2473,21.80%,8973,79.10%
BROOKLYN,7,2010,Female,10682,672,1166,10.90%,3746,35.10%,3264,30.60%,2506,23.50%,5770,54.00%
BROOKLYN,7,2010,Male,11097,669,1474,13.30%,4092,36.90%,3200,28.80%,2331,21.00%,5531,49.80%
BROOKLYN,7,2011,Female,10688,676,1009,9.40%,3569,33.40%,3305,30.90%,2805,26.20%,6110,57.20%
BROOKLYN,7,2011,Male,10880,672,1377,12.70%,3767,34.60%,3101,28.50%,2635,24.20%,5736,52.70%
BROOKLYN,8,2006,Female,11957,642,2622,21.90%,4352,36.40%,4033,33.70%,950,7.90%,4983,41.70%
BROOKLYN,8,2006,Male,12126,637,3159,26.10%,4459,36.80%,3686,30.40%,822,6.80%,4508,37.20%
BROOKLYN,8,2007,Female,11502,649,1973,17.20%,4066,35.40%,4348,37.80%,1115,9.70%,5463,47.50%
BROOKLYN,8,2007,Male,12177,645,2610,21.40%,4308,35.40%,4264,35.00%,995,8.20%,5259,43.20%
BROOKLYN,8,2008,Female,11142,662,920,8.30%,3215,28.90%,5354,48.10%,1653,14.80%,7007,62.90%
BROOKLYN,8,2008,Male,11656,656,1457,12.50%,3624,31.10%,5108,43.80%,1467,12.60%,6575,56.40%
BROOKLYN,8,2009,Female,11268,669,445,3.90%,2629,23.30%,6399,56.80%,1795,15.90%,8194,72.70%
BROOKLYN,8,2009,Male,11562,664,635,5.50%,3133,27.10%,6279,54.30%,1515,13.10%,7794,67.40%
BROOKLYN,8,2010,Female,11161,675,1314,11.80%,4386,39.30%,3402,30.50%,2059,18.40%,5461,48.90%
BROOKLYN,8,2010,Male,11688,670,1765,15.10%,4933,42.20%,3266,27.90%,1724,14.80%,4990,42.70%
BROOKLYN,8,2011,Female,10845,675,1050,9.70%,3921,36.20%,3944,36.40%,1930,17.80%,5874,54.20%
BROOKLYN,8,2011,Male,11293,671,1498,13.30%,4189,37.10%,3760,33.30%,1846,16.30%,5606,49.60%
BROOKLYN,All Grades,2006,Female,69050,657,9810,14.20%,19235,27.90%,29828,43.20%,10177,14.70%,40005,57.90%
BROOKLYN,All Grades,2006,Male,70730,654,12049,17.00%,19195,27.10%,29187,41.30%,10299,14.60%,39486,55.80%
BROOKLYN,All Grades,2007,Female,67282,667,6256,9.30%,16334,24.30%,31501,46.80%,13191,19.60%,44692,66.40%
BROOKLYN,All Grades,2007,Male,70257,663,8719,12.40%,17342,24.70%,31394,44.70%,12802,18.20%,44196,62.90%
BROOKLYN,All Grades,2008,Female,65224,673,3398,5.20%,12252,18.80%,35211,54.00%,14363,22.00%,49574,76.00%
BROOKLYN,All Grades,2008,Male,67944,670,5252,7.70%,13814,20.30%,34765,51.20%,14113,20.80%,48878,71.90%
BROOKLYN,All Grades,2009,Female,64720,681,1769,2.70%,9093,14.00%,36868,57.00%,16990,26.30%,53858,83.20%
BROOKLYN,All Grades,2009,Male,66771,677,2750,4.10%,10918,16.40%,36905,55.30%,16198,24.30%,53103,79.50%
BROOKLYN,All Grades,2010,Female,64535,680,6108,9.50%,22918,35.50%,21004,32.50%,14505,22.50%,35509,55.00%
BROOKLYN,All Grades,2010,Male,67029,677,8121,12.10%,24349,36.30%,20787,31.00%,13772,20.50%,34559,51.60%
BROOKLYN,All Grades,2011,Female,64076,681,5419,8.50%,21315,33.30%,23808,37.20%,13534,21.10%,37342,58.30%
BROOKLYN,All Grades,2011,Male,66742,678,7572,11.30%,22564,33.80%,23207,34.80%,13399,20.10%,36606,54.80%
MANHATTAN,3,2006,Female,4796,672,427,8.90%,868,18.10%,2412,50.30%,1089,22.70%,3501,73.00%
MANHATTAN,3,2006,Male,4842,671,482,10.00%,845,17.50%,2471,51.00%,1044,21.60%,3515,72.60%
MANHATTAN,3,2007,Female,4693,681,248,5.30%,618,13.20%,2572,54.80%,1255,26.70%,3827,81.50%
MANHATTAN,3,2007,Male,4744,679,311,6.60%,649,13.70%,2591,54.60%,1193,25.10%,3784,79.80%
MANHATTAN,3,2008,Female,4367,686,93,2.10%,471,10.80%,2729,62.50%,1074,24.60%,3803,87.10%
MANHATTAN,3,2008,Male,4647,682,164,3.50%,543,11.70%,2917,62.80%,1023,22.00%,3940,84.80%
MANHATTAN,3,2009,Female,4467,690,44,1.00%,325,7.30%,2935,65.70%,1163,26.00%,4098,91.70%
MANHATTAN,3,2009,Male,4725,687,80,1.70%,381,8.10%,3155,66.80%,1109,23.50%,4264,90.20%
MANHATTAN,3,2010,Female,4407,691,487,11.10%,1466,33.30%,1438,32.60%,1016,23.10%,2454,55.70%
MANHATTAN,3,2010,Male,4511,692,596,13.20%,1358,30.10%,1464,32.50%,1093,24.20%,2557,56.70%
MANHATTAN,3,2011,Female,4438,687,450,10.10%,1398,31.50%,1867,42.10%,723,16.30%,2590,58.40%
MANHATTAN,3,2011,Male,4564,686,533,11.70%,1439,31.50%,1847,40.50%,745,16.30%,2592,56.80%
MANHATTAN,4,2006,Female,4657,668,474,10.20%,1020,21.90%,2207,47.40%,956,20.50%,3163,67.90%
MANHATTAN,4,2006,Male,4988,670,530,10.60%,945,18.90%,2405,48.20%,1108,22.20%,3513,70.40%
MANHATTAN,4,2007,Female,4577,674,351,7.70%,947,20.70%,2209,48.30%,1070,23.40%,3279,71.60%
MANHATTAN,4,2007,Male,4751,673,442,9.30%,912,19.20%,2224,46.80%,1173,24.70%,3397,71.50%
MANHATTAN,4,2008,Female,4591,679,247,5.40%,688,15.00%,2433,53.00%,1223,26.60%,3656,79.60%
MANHATTAN,4,2008,Male,4566,679,322,7.10%,673,14.70%,2349,51.40%,1222,26.80%,3571,78.20%
MANHATTAN,4,2009,Female,4340,691,185,4.30%,491,11.30%,2033,46.80%,1631,37.60%,3664,84.40%
MANHATTAN,4,2009,Male,4582,687,284,6.20%,529,11.50%,2127,46.40%,1642,35.80%,3769,82.30%
MANHATTAN,4,2010,Female,4518,687,284,6.30%,1539,34.10%,1451,32.10%,1244,27.50%,2695,59.70%
MANHATTAN,4,2010,Male,4725,687,375,7.90%,1503,31.80%,1524,32.30%,1323,28.00%,2847,60.30%
MANHATTAN,4,2011,Female,4467,689,269,6.00%,1261,28.20%,1632,36.50%,1305,29.20%,2937,65.70%
MANHATTAN,4,2011,Male,4514,689,308,6.80%,1308,29.00%,1518,33.60%,1380,30.60%,2898,64.20%
MANHATTAN,5,2006,Female,4850,660,646,13.30%,1335,27.50%,2050,42.30%,819,16.90%,2869,59.20%
MANHATTAN,5,2006,Male,4936,658,791,16.00%,1253,25.40%,2092,42.40%,800,16.20%,2892,58.60%
MANHATTAN,5,2007,Female,4499,670,298,6.60%,1079,24.00%,2209,49.10%,913,20.30%,3122,69.40%
MANHATTAN,5,2007,Male,4832,668,419,8.70%,1078,22.30%,2394,49.50%,941,19.50%,3335,69.00%
MANHATTAN,5,2008,Female,4377,676,212,4.80%,771,17.60%,2293,52.40%,1101,25.20%,3394,77.50%
MANHATTAN,5,2008,Male,4537,675,300,6.60%,802,17.70%,2271,50.10%,1164,25.70%,3435,75.70%
MANHATTAN,5,2009,Female,4328,686,103,2.40%,460,10.60%,2220,51.30%,1545,35.70%,3765,87.00%
MANHATTAN,5,2009,Male,4396,685,132,3.00%,528,12.00%,2190,49.80%,1546,35.20%,3736,85.00%
MANHATTAN,5,2010,Female,4121,685,293,7.10%,1317,32.00%,1357,32.90%,1154,28.00%,2511,60.90%
MANHATTAN,5,2010,Male,4424,683,404,9.10%,1326,30.00%,1581,35.70%,1113,25.20%,2694,60.90%
MANHATTAN,5,2011,Female,4237,687,252,5.90%,1244,29.40%,1608,38.00%,1133,26.70%,2741,64.70%
MANHATTAN,5,2011,Male,4459,686,343,7.70%,1338,30.00%,1556,34.90%,1222,27.40%,2778,62.30%
MANHATTAN,6,2006,Female,4954,653,716,14.50%,1492,30.10%,2138,43.20%,608,12.30%,2746,55.40%
MANHATTAN,6,2006,Male,5143,651,910,17.70%,1539,29.90%,2041,39.70%,653,12.70%,2694,52.40%
MANHATTAN,6,2007,Female,4535,664,469,10.30%,1180,26.00%,2042,45.00%,844,18.60%,2886,63.60%
MANHATTAN,6,2007,Male,4681,659,674,14.40%,1170,25.00%,2072,44.30%,765,16.30%,2837,60.60%
MANHATTAN,6,2008,Female,4394,670,281,6.40%,892,20.30%,2240,51.00%,981,22.30%,3221,73.30%
MANHATTAN,6,2008,Male,4701,666,430,9.10%,1045,22.20%,2221,47.20%,1005,21.40%,3226,68.60%
MANHATTAN,6,2009,Female,4300,678,163,3.80%,748,17.40%,2205,51.30%,1184,27.50%,3389,78.80%
MANHATTAN,6,2009,Male,4499,675,253,5.60%,882,19.60%,2205,49.00%,1159,25.80%,3364,74.80%
MANHATTAN,6,2010,Female,4320,679,432,10.00%,1467,34.00%,1297,30.00%,1124,26.00%,2421,56.00%
MANHATTAN,6,2010,Male,4357,675,550,12.60%,1569,36.00%,1197,27.50%,1041,23.90%,2238,51.40%
MANHATTAN,6,2011,Female,4055,683,363,9.00%,1189,29.30%,1276,31.50%,1227,30.30%,2503,61.70%
MANHATTAN,6,2011,Male,4383,679,511,11.70%,1397,31.90%,1283,29.30%,1192,27.20%,2475,56.50%
MANHATTAN,7,2006,Female,5103,644,837,16.40%,1968,38.60%,1829,35.80%,469,9.20%,2298,45.00%
MANHATTAN,7,2006,Male,5257,640,1017,19.30%,2011,38.30%,1819,34.60%,410,7.80%,2229,42.40%
MANHATTAN,7,2007,Female,4936,658,397,8.00%,1677,34.00%,2080,42.10%,782,15.80%,2862,58.00%
MANHATTAN,7,2007,Male,5114,653,570,11.10%,1827,35.70%,2016,39.40%,701,13.70%,2717,53.10%
MANHATTAN,7,2008,Female,4594,669,171,3.70%,1058,23.00%,2374,51.70%,991,21.60%,3365,73.20%
MANHATTAN,7,2008,Male,4719,664,324,6.90%,1195,25.30%,2297,48.70%,903,19.10%,3200,67.80%
MANHATTAN,7,2009,Female,4410,677,74,1.70%,649,14.70%,2577,58.40%,1110,25.20%,3687,83.60%
MANHATTAN,7,2009,Male,4663,675,87,1.90%,838,18.00%,2598,55.70%,1140,24.40%,3738,80.20%
MANHATTAN,7,2010,Female,4365,675,460,10.50%,1415,32.40%,1277,29.30%,1213,27.80%,2490,57.00%
MANHATTAN,7,2010,Male,4535,672,528,11.60%,1633,36.00%,1295,28.60%,1079,23.80%,2374,52.30%
MANHATTAN,7,2011,Female,4328,678,393,9.10%,1336,30.90%,1285,29.70%,1314,30.40%,2599,60.10%
MANHATTAN,7,2011,Male,4326,677,480,11.10%,1367,31.60%,1209,27.90%,1270,29.40%,2479,57.30%
MANHATTAN,8,2006,Female,5312,644,1072,20.20%,1963,37.00%,1798,33.80%,479,9.00%,2277,42.90%
MANHATTAN,8,2006,Male,5182,640,1263,24.40%,1878,36.20%,1660,32.00%,381,7.40%,2041,39.40%
MANHATTAN,8,2007,Female,5026,649,853,17.00%,1817,36.20%,1883,37.50%,473,9.40%,2356,46.90%
MANHATTAN,8,2007,Male,5178,644,1082,20.90%,1865,36.00%,1840,35.50%,391,7.60%,2231,43.10%
MANHATTAN,8,2008,Female,4871,660,419,8.60%,1512,31.00%,2295,47.10%,645,13.20%,2940,60.40%
MANHATTAN,8,2008,Male,5003,655,582,11.60%,1610,32.20%,2251,45.00%,560,11.20%,2811,56.20%
MANHATTAN,8,2009,Female,4676,670,180,3.80%,1064,22.80%,2631,56.30%,801,17.10%,3432,73.40%
MANHATTAN,8,2009,Male,4728,666,252,5.30%,1182,25.00%,2650,56.00%,644,13.60%,3294,69.70%
MANHATTAN,8,2010,Female,4522,676,490,10.80%,1714,37.90%,1446,32.00%,872,19.30%,2318,51.30%
MANHATTAN,8,2010,Male,4801,671,667,13.90%,1922,40.00%,1430,29.80%,782,16.30%,2212,46.10%
MANHATTAN,8,2011,Female,4416,678,410,9.30%,1435,32.50%,1638,37.10%,933,21.10%,2571,58.20%
MANHATTAN,8,2011,Male,4643,674,560,12.10%,1615,34.80%,1617,34.80%,851,18.30%,2468,53.20%
MANHATTAN,All Grades,2006,Female,29672,656,4172,14.10%,8646,29.10%,12434,41.90%,4420,14.90%,16854,56.80%
MANHATTAN,All Grades,2006,Male,30348,655,4993,16.50%,8471,27.90%,12488,41.10%,4396,14.50%,16884,55.60%
MANHATTAN,All Grades,2007,Female,28266,665,2616,9.30%,7318,25.90%,12995,46.00%,5337,18.90%,18332,64.90%
MANHATTAN,All Grades,2007,Male,29300,662,3498,11.90%,7501,25.60%,13137,44.80%,5164,17.60%,18301,62.50%
MANHATTAN,All Grades,2008,Female,27194,673,1423,5.20%,5392,19.80%,14364,52.80%,6015,22.10%,20379,74.90%
MANHATTAN,All Grades,2008,Male,28173,670,2122,7.50%,5868,20.80%,14306,50.80%,5877,20.90%,20183,71.60%
MANHATTAN,All Grades,2009,Female,26521,682,749,2.80%,3737,14.10%,14601,55.10%,7434,28.00%,22035,83.10%
MANHATTAN,All Grades,2009,Male,27593,679,1088,3.90%,4340,15.70%,14925,54.10%,7240,26.20%,22165,80.30%
MANHATTAN,All Grades,2010,Female,26253,682,2446,9.30%,8918,34.00%,8266,31.50%,6623,25.20%,14889,56.70%
MANHATTAN,All Grades,2010,Male,27353,680,3120,11.40%,9311,34.00%,8491,31.00%,6431,23.50%,14922,54.60%
MANHATTAN,All Grades,2011,Female,25941,684,2137,8.20%,7863,30.30%,9306,35.90%,6635,25.60%,15941,61.50%
MANHATTAN,All Grades,2011,Male,26889,682,2735,10.20%,8464,31.50%,9030,33.60%,6660,24.80%,15690,58.40%
QUEENS,3,2006,Female,9314,684,479,5.10%,1063,11.40%,4703,50.50%,3069,33.00%,7772,83.40%
QUEENS,3,2006,Male,9850,684,577,5.90%,1086,11.00%,5016,50.90%,3171,32.20%,8187,83.10%
QUEENS,3,2007,Female,9404,692,275,2.90%,870,9.30%,4665,49.60%,3594,38.20%,8259,87.80%
QUEENS,3,2007,Male,9917,690,404,4.10%,860,8.70%,5050,50.90%,3603,36.30%,8653,87.30%
QUEENS,3,2008,Female,9331,692,158,1.70%,570,6.10%,5828,62.50%,2775,29.70%,8603,92.20%
QUEENS,3,2008,Male,9824,691,222,2.30%,742,7.60%,5968,60.70%,2892,29.40%,8860,90.20%
QUEENS,3,2009,Female,9701,696,69,0.70%,495,5.10%,6045,62.30%,3092,31.90%,9137,94.20%
QUEENS,3,2009,Male,10337,694,110,1.10%,576,5.60%,6640,64.20%,3011,29.10%,9651,93.40%
QUEENS,3,2010,Female,9752,696,762,7.80%,3067,31.40%,3236,33.20%,2687,27.60%,5923,60.70%
QUEENS,3,2010,Male,10331,695,927,9.00%,3071,29.70%,3605,34.90%,2728,26.40%,6333,61.30%
QUEENS,3,2011,Female,10152,688,739,7.30%,3248,32.00%,4686,46.20%,1479,14.60%,6165,60.70%
QUEENS,3,2011,Male,10580,688,839,7.90%,3107,29.40%,4981,47.10%,1653,15.60%,6634,62.70%
QUEENS,4,2006,Female,9515,679,560,5.90%,1469,15.40%,4816,50.60%,2670,28.10%,7486,78.70%
QUEENS,4,2006,Male,9744,680,672,6.90%,1275,13.10%,4876,50.00%,2921,30.00%,7797,80.00%
QUEENS,4,2007,Female,9256,684,445,4.80%,1264,13.70%,4700,50.80%,2847,30.80%,7547,81.50%
QUEENS,4,2007,Male,9812,685,586,6.00%,1223,12.50%,4777,48.70%,3226,32.90%,8003,81.60%
QUEENS,4,2008,Female,9359,686,355,3.80%,1018,10.90%,4943,52.80%,3043,32.50%,7986,85.30%
QUEENS,4,2008,Male,9915,687,497,5.00%,1029,10.40%,4982,50.20%,3407,34.40%,8389,84.60%
QUEENS,4,2009,Female,9325,696,246,2.60%,722,7.70%,4527,48.50%,3830,41.10%,8357,89.60%
QUEENS,4,2009,Male,9869,695,347,3.50%,738,7.50%,4695,47.60%,4089,41.40%,8784,89.00%
QUEENS,4,2010,Female,9838,690,469,4.80%,2993,30.40%,3471,35.30%,2905,29.50%,6376,64.80%
QUEENS,4,2010,Male,10555,691,583,5.50%,2970,28.10%,3756,35.60%,3246,30.80%,7002,66.30%
QUEENS,4,2011,Female,9894,693,359,3.60%,2538,25.70%,3841,38.80%,3156,31.90%,6997,70.70%
QUEENS,4,2011,Male,10340,692,522,5.00%,2588,25.00%,3949,38.20%,3281,31.70%,7230,69.90%
QUEENS,5,2006,Female,9796,671,739,7.50%,2003,20.40%,4822,49.20%,2232,22.80%,7054,72.00%
QUEENS,5,2006,Male,10135,672,874,8.60%,1928,19.00%,4805,47.40%,2528,24.90%,7333,72.40%
QUEENS,5,2007,Female,9548,681,390,4.10%,1463,15.30%,4918,51.50%,2777,29.10%,7695,80.60%
QUEENS,5,2007,Male,9948,680,543,5.50%,1439,14.50%,4995,50.20%,2971,29.90%,7966,80.10%
QUEENS,5,2008,Female,9322,686,248,2.70%,993,10.70%,5005,53.70%,3076,33.00%,8081,86.70%
QUEENS,5,2008,Male,9824,685,335,3.40%,1137,11.60%,5076,51.70%,3276,33.30%,8352,85.00%
QUEENS,5,2009,Female,9421,691,135,1.40%,786,8.30%,4591,48.70%,3909,41.50%,8500,90.20%
QUEENS,5,2009,Male,10019,689,223,2.20%,952,9.50%,4729,47.20%,4115,41.10%,8844,88.30%
QUEENS,5,2010,Female,9545,689,474,5.00%,2591,27.10%,3697,38.70%,2783,29.20%,6480,67.90%
QUEENS,5,2010,Male,10082,689,541,5.40%,2721,27.00%,3853,38.20%,2967,29.40%,6820,67.60%
QUEENS,5,2011,Female,9928,691,425,4.30%,2467,24.80%,4140,41.70%,2896,29.20%,7036,70.90%
QUEENS,5,2011,Male,10568,690,588,5.60%,2583,24.40%,4276,40.50%,3121,29.50%,7397,70.00%
QUEENS,6,2006,Female,9470,663,969,10.20%,2307,24.40%,4467,47.20%,1727,18.20%,6194,65.40%
QUEENS,6,2006,Male,9990,662,1127,11.30%,2380,23.80%,4675,46.80%,1808,18.10%,6483,64.90%
QUEENS,6,2007,Female,9505,676,564,5.90%,1652,17.40%,4786,50.40%,2503,26.30%,7289,76.70%
QUEENS,6,2007,Male,10038,674,816,8.10%,1711,17.00%,4942,49.20%,2569,25.60%,7511,74.80%
QUEENS,6,2008,Female,9388,681,364,3.90%,1211,12.90%,4782,50.90%,3031,32.30%,7813,83.20%
QUEENS,6,2008,Male,9811,678,538,5.50%,1527,15.60%,4752,48.40%,2994,30.50%,7746,79.00%
QUEENS,6,2009,Female,9390,686,229,2.40%,1040,11.10%,4863,51.80%,3258,34.70%,8121,86.50%
QUEENS,6,2009,Male,9973,682,398,4.00%,1332,13.40%,5020,50.30%,3223,32.30%,8243,82.70%
QUEENS,6,2010,Female,9631,684,712,7.40%,2869,29.80%,3010,31.30%,3040,31.60%,6050,62.80%
QUEENS,6,2010,Male,10247,682,895,8.70%,3091,30.20%,3235,31.60%,3026,29.50%,6261,61.10%
QUEENS,6,2011,Female,9661,686,623,6.40%,2578,26.70%,3449,35.70%,3011,31.20%,6460,66.90%
QUEENS,6,2011,Male,10213,684,825,8.10%,2915,28.50%,3450,33.80%,3023,29.60%,6473,63.40%
QUEENS,7,2006,Female,9680,653,1066,11.00%,3145,32.50%,4236,43.80%,1233,12.70%,5469,56.50%
QUEENS,7,2006,Male,9974,650,1357,13.60%,3294,33.00%,4116,41.30%,1207,12.10%,5323,53.40%
QUEENS,7,2007,Female,9427,667,570,6.00%,2408,25.50%,4388,46.50%,2061,21.90%,6449,68.40%
QUEENS,7,2007,Male,10164,661,897,8.80%,2788,27.40%,4596,45.20%,1883,18.50%,6479,63.70%
QUEENS,7,2008,Female,9595,675,267,2.80%,1702,17.70%,5036,52.50%,2590,27.00%,7626,79.50%
QUEENS,7,2008,Male,10104,673,457,4.50%,1948,19.30%,5075,50.20%,2624,26.00%,7699,76.20%
QUEENS,7,2009,Female,9486,683,102,1.10%,1018,10.70%,5250,55.30%,3116,32.80%,8366,88.20%
QUEENS,7,2009,Male,10103,682,154,1.50%,1253,12.40%,5577,55.20%,3119,30.90%,8696,86.10%
QUEENS,7,2010,Female,9628,680,732,7.60%,2749,28.60%,2977,30.90%,3170,32.90%,6147,63.80%
QUEENS,7,2010,Male,10241,677,915,8.90%,3185,31.10%,3073,30.00%,3068,30.00%,6141,60.00%
QUEENS,7,2011,Female,9743,681,598,6.10%,2830,29.00%,3211,33.00%,3104,31.90%,6315,64.80%
QUEENS,7,2011,Male,10446,679,897,8.60%,2977,28.50%,3277,31.40%,3295,31.50%,6572,62.90%
QUEENS,8,2006,Female,9506,651,1558,16.40%,3238,34.10%,3544,37.30%,1166,12.30%,4710,49.50%
QUEENS,8,2006,Male,10073,647,1894,18.80%,3544,35.20%,3577,35.50%,1058,10.50%,4635,46.00%
QUEENS,8,2007,Female,9747,660,1106,11.30%,3014,30.90%,4175,42.80%,1452,14.90%,5627,57.70%
QUEENS,8,2007,Male,10057,656,1336,13.30%,3173,31.60%,4222,42.00%,1326,13.20%,5548,55.20%
QUEENS,8,2008,Female,9444,670,501,5.30%,2231,23.60%,4788,50.70%,1924,20.40%,6712,71.10%
QUEENS,8,2008,Male,10180,666,802,7.90%,2503,24.60%,5035,49.50%,1840,18.10%,6875,67.50%
QUEENS,8,2009,Female,9730,678,217,2.20%,1637,16.80%,5606,57.60%,2270,23.30%,7876,80.90%
QUEENS,8,2009,Male,10328,675,376,3.60%,1975,19.10%,5867,56.80%,2110,20.40%,7977,77.20%
QUEENS,8,2010,Female,9844,684,712,7.20%,3213,32.60%,3310,33.60%,2609,26.50%,5919,60.10%
QUEENS,8,2010,Male,10445,679,1048,10.00%,3821,36.60%,3262,31.20%,2314,22.20%,5576,53.40%
QUEENS,8,2011,Female,9766,682,619,6.30%,2955,30.30%,3850,39.40%,2342,24.00%,6192,63.40%
QUEENS,8,2011,Male,10438,679,893,8.60%,3291,31.50%,3918,37.50%,2336,22.40%,6254,59.90%
QUEENS,All Grades,2006,Female,57281,667,5371,9.40%,13225,23.10%,26588,46.40%,12097,21.10%,38685,67.50%
QUEENS,All Grades,2006,Male,59766,666,6501,10.90%,13507,22.60%,27065,45.30%,12693,21.20%,39758,66.50%
QUEENS,All Grades,2007,Female,56887,676,3350,5.90%,10671,18.80%,27632,48.60%,15234,26.80%,42866,75.40%
QUEENS,All Grades,2007,Male,59936,674,4582,7.60%,11194,18.70%,28582,47.70%,15578,26.00%,44160,73.70%
QUEENS,All Grades,2008,Female,56439,682,1893,3.40%,7725,13.70%,30382,53.80%,16439,29.10%,46821,83.00%
QUEENS,All Grades,2008,Male,59658,680,2851,4.80%,8886,14.90%,30888,51.80%,17033,28.60%,47921,80.30%
QUEENS,All Grades,2009,Female,57053,688,998,1.70%,5698,10.00%,30882,54.10%,19475,34.10%,50357,88.30%
QUEENS,All Grades,2009,Male,60629,686,1608,2.70%,6826,11.30%,32528,53.70%,19667,32.40%,52195,86.10%
QUEENS,All Grades,2010,Female,58238,687,3861,6.60%,17482,30.00%,19701,33.80%,17194,29.50%,36895,63.40%
QUEENS,All Grades,2010,Male,61901,685,4909,7.90%,18859,30.50%,20784,33.60%,17349,28.00%,38133,61.60%
QUEENS,All Grades,2011,Female,59144,687,3363,5.70%,16616,28.10%,23177,39.20%,15988,27.00%,39165,66.20%
QUEENS,All Grades,2011,Male,62585,685,4564,7.30%,17461,27.90%,23851,38.10%,16709,26.70%,40560,64.80%
STATEN ISLAND,3,2006,Female,2072,684,119,5.70%,230,11.10%,1024,49.40%,699,33.70%,1723,83.20%
STATEN ISLAND,3,2006,Male,2233,684,169,7.60%,237,10.60%,1067,47.80%,760,34.00%,1827,81.80%
STATEN ISLAND,3,2007,Female,2109,691,79,3.70%,179,8.50%,1080,51.20%,771,36.60%,1851,87.80%
STATEN ISLAND,3,2007,Male,2256,689,97,4.30%,199,8.80%,1178,52.20%,782,34.70%,1960,86.90%
STATEN ISLAND,3,2008,Female,2074,691,41,2.00%,157,7.60%,1276,61.50%,600,28.90%,1876,90.50%
STATEN ISLAND,3,2008,Male,2301,691,59,2.60%,176,7.60%,1395,60.60%,671,29.20%,2066,89.80%
STATEN ISLAND,3,2009,Female,2172,696,17,0.80%,113,5.20%,1355,62.40%,687,31.60%,2042,94.00%
STATEN ISLAND,3,2009,Male,2347,692,37,1.60%,145,6.20%,1516,64.60%,649,27.70%,2165,92.20%
STATEN ISLAND,3,2010,Female,2148,695,165,7.70%,633,29.50%,783,36.50%,567,26.40%,1350,62.80%
STATEN ISLAND,3,2010,Male,2268,695,219,9.70%,653,28.80%,763,33.60%,633,27.90%,1396,61.60%
STATEN ISLAND,3,2011,Female,2303,688,188,8.20%,654,28.40%,1148,49.80%,313,13.60%,1461,63.40%
STATEN ISLAND,3,2011,Male,2418,688,218,9.00%,677,28.00%,1199,49.60%,324,13.40%,1523,63.00%
STATEN ISLAND,4,2006,Female,2119,681,103,4.90%,281,13.30%,1136,53.60%,599,28.30%,1735,81.90%
STATEN ISLAND,4,2006,Male,2157,681,140,6.50%,272,12.60%,1089,50.50%,656,30.40%,1745,80.90%
STATEN ISLAND,4,2007,Female,2049,681,91,4.40%,291,14.20%,1091,53.20%,576,28.10%,1667,81.40%
STATEN ISLAND,4,2007,Male,2265,683,142,6.30%,280,12.40%,1142,50.40%,701,30.90%,1843,81.40%
STATEN ISLAND,4,2008,Female,2081,686,75,3.60%,208,10.00%,1160,55.70%,638,30.70%,1798,86.40%
STATEN ISLAND,4,2008,Male,2225,686,100,4.50%,238,10.70%,1164,52.30%,723,32.50%,1887,84.80%
STATEN ISLAND,4,2009,Female,2092,694,77,3.70%,178,8.50%,989,47.30%,848,40.50%,1837,87.80%
STATEN ISLAND,4,2009,Male,2291,694,83,3.60%,170,7.40%,1089,47.50%,949,41.40%,2038,89.00%
STATEN ISLAND,4,2010,Female,2172,689,117,5.40%,660,30.40%,783,36.00%,612,28.20%,1395,64.20%
STATEN ISLAND,4,2010,Male,2358,688,130,5.50%,694,29.40%,873,37.00%,661,28.00%,1534,65.10%
STATEN ISLAND,4,2011,Female,2148,692,90,4.20%,509,23.70%,913,42.50%,636,29.60%,1549,72.10%
STATEN ISLAND,4,2011,Male,2277,692,125,5.50%,554,24.30%,848,37.20%,750,32.90%,1598,70.20%
STATEN ISLAND,5,2006,Female,2147,672,155,7.20%,402,18.70%,1085,50.50%,505,23.50%,1590,74.10%
STATEN ISLAND,5,2006,Male,2188,673,161,7.40%,382,17.50%,1103,50.40%,542,24.80%,1645,75.20%
STATEN ISLAND,5,2007,Female,2161,681,68,3.10%,290,13.40%,1212,56.10%,591,27.30%,1803,83.40%
STATEN ISLAND,5,2007,Male,2228,680,109,4.90%,303,13.60%,1188,53.30%,628,28.20%,1816,81.50%
STATEN ISLAND,5,2008,Female,2064,686,50,2.40%,207,10.00%,1133,54.90%,674,32.70%,1807,87.50%
STATEN ISLAND,5,2008,Male,2289,686,78,3.40%,251,11.00%,1180,51.60%,780,34.10%,1960,85.60%
STATEN ISLAND,5,2009,Female,2103,692,24,1.10%,135,6.40%,1062,50.50%,882,41.90%,1944,92.40%
STATEN ISLAND,5,2009,Male,2254,691,41,1.80%,182,8.10%,1071,47.50%,960,42.60%,2031,90.10%
STATEN ISLAND,5,2010,Female,2101,689,95,4.50%,585,27.80%,831,39.60%,590,28.10%,1421,67.60%
STATEN ISLAND,5,2010,Male,2312,688,130,5.60%,598,25.90%,928,40.10%,656,28.40%,1584,68.50%
STATEN ISLAND,5,2011,Female,2194,690,81,3.70%,529,24.10%,990,45.10%,594,27.10%,1584,72.20%
STATEN ISLAND,5,2011,Male,2328,690,103,4.40%,554,23.80%,1020,43.80%,651,28.00%,1671,71.80%
STATEN ISLAND,6,2006,Female,2041,656,261,12.80%,559,27.40%,939,46.00%,282,13.80%,1221,59.80%
STATEN ISLAND,6,2006,Male,2190,656,300,13.70%,574,26.20%,1010,46.10%,306,14.00%,1316,60.10%
STATEN ISLAND,6,2007,Female,2005,666,161,8.00%,439,21.90%,1065,53.10%,340,17.00%,1405,70.10%
STATEN ISLAND,6,2007,Male,2128,665,229,10.80%,443,20.80%,1083,50.90%,373,17.50%,1456,68.40%
STATEN ISLAND,6,2008,Female,2097,676,90,4.30%,327,15.60%,1114,53.10%,566,27.00%,1680,80.10%
STATEN ISLAND,6,2008,Male,2130,673,139,6.50%,370,17.40%,1060,49.80%,561,26.30%,1621,76.10%
STATEN ISLAND,6,2009,Female,2002,681,55,2.70%,282,14.10%,1100,54.90%,565,28.20%,1665,83.20%
STATEN ISLAND,6,2009,Male,2258,678,109,4.80%,346,15.30%,1134,50.20%,669,29.60%,1803,79.80%
STATEN ISLAND,6,2010,Female,2038,681,158,7.80%,642,31.50%,690,33.90%,548,26.90%,1238,60.70%
STATEN ISLAND,6,2010,Male,2207,678,215,9.70%,699,31.70%,714,32.40%,579,26.20%,1293,58.60%
STATEN ISLAND,6,2011,Female,1982,684,128,6.50%,573,28.90%,747,37.70%,534,26.90%,1281,64.60%
STATEN ISLAND,6,2011,Male,2243,682,193,8.60%,678,30.20%,736,32.80%,636,28.40%,1372,61.20%
STATEN ISLAND,7,2006,Female,2086,652,237,11.40%,684,32.80%,948,45.40%,217,10.40%,1165,55.80%
STATEN ISLAND,7,2006,Male,2176,650,275,12.60%,693,31.80%,983,45.20%,225,10.30%,1208,55.50%
STATEN ISLAND,7,2007,Female,2070,663,152,7.30%,556,26.90%,989,47.80%,373,18.00%,1362,65.80%
STATEN ISLAND,7,2007,Male,2230,660,175,7.80%,660,29.60%,996,44.70%,399,17.90%,1395,62.60%
STATEN ISLAND,7,2008,Female,2068,673,46,2.20%,413,20.00%,1102,53.30%,507,24.50%,1609,77.80%
STATEN ISLAND,7,2008,Male,2185,671,101,4.60%,438,20.00%,1110,50.80%,536,24.50%,1646,75.30%
STATEN ISLAND,7,2009,Female,2142,679,22,1.00%,265,12.40%,1249,58.30%,606,28.30%,1855,86.60%
STATEN ISLAND,7,2009,Male,2195,676,37,1.70%,305,13.90%,1295,59.00%,558,25.40%,1853,84.40%
STATEN ISLAND,7,2010,Female,2009,677,132,6.60%,655,32.60%,650,32.40%,572,28.50%,1222,60.80%
STATEN ISLAND,7,2010,Male,2251,674,216,9.60%,714,31.70%,726,32.30%,595,26.40%,1321,58.70%
STATEN ISLAND,7,2011,Female,2054,680,140,6.80%,545,26.50%,735,35.80%,634,30.90%,1369,66.70%
STATEN ISLAND,7,2011,Male,2221,678,187,8.40%,621,28.00%,723,32.60%,690,31.10%,1413,63.60%
STATEN ISLAND,8,2006,Female,2095,649,346,16.50%,722,34.50%,836,39.90%,191,9.10%,1027,49.00%
STATEN ISLAND,8,2006,Male,2377,647,391,16.40%,844,35.50%,959,40.30%,183,7.70%,1142,48.00%
STATEN ISLAND,8,2007,Female,2122,655,277,13.10%,675,31.80%,913,43.00%,257,12.10%,1170,55.10%
STATEN ISLAND,8,2007,Male,2258,652,339,15.00%,720,31.90%,985,43.60%,214,9.50%,1199,53.10%
STATEN ISLAND,8,2008,Female,2047,667,131,6.40%,534,26.10%,1018,49.70%,364,17.80%,1382,67.50%
STATEN ISLAND,8,2008,Male,2253,663,203,9.00%,598,26.50%,1108,49.20%,344,15.30%,1452,64.40%
STATEN ISLAND,8,2009,Female,2092,674,49,2.30%,422,20.20%,1237,59.10%,384,18.40%,1621,77.50%
STATEN ISLAND,8,2009,Male,2213,670,85,3.80%,501,22.60%,1267,57.30%,360,16.30%,1627,73.50%
STATEN ISLAND,8,2010,Female,2195,679,200,9.10%,790,36.00%,715,32.60%,490,22.30%,1205,54.90%
STATEN ISLAND,8,2010,Male,2217,673,259,11.70%,885,39.90%,707,31.90%,366,16.50%,1073,48.40%
STATEN ISLAND,8,2011,Female,2063,678,154,7.50%,672,32.60%,887,43.00%,350,17.00%,1237,60.00%
STATEN ISLAND,8,2011,Male,2289,674,250,10.90%,769,33.60%,923,40.30%,347,15.20%,1270,55.50%
STATEN ISLAND,All Grades,2006,Female,12560,665,1221,9.70%,2878,22.90%,5968,47.50%,2493,19.80%,8461,67.40%
STATEN ISLAND,All Grades,2006,Male,13321,665,1436,10.80%,3002,22.50%,6211,46.60%,2672,20.10%,8883,66.70%
STATEN ISLAND,All Grades,2007,Female,12516,673,828,6.60%,2430,19.40%,6350,50.70%,2908,23.20%,9258,74.00%
STATEN ISLAND,All Grades,2007,Male,13365,672,1091,8.20%,2605,19.50%,6572,49.20%,3097,23.20%,9669,72.30%
STATEN ISLAND,All Grades,2008,Female,12431,680,433,3.50%,1846,14.80%,6803,54.70%,3349,26.90%,10152,81.70%
STATEN ISLAND,All Grades,2008,Male,13383,678,680,5.10%,2071,15.50%,7017,52.40%,3615,27.00%,10632,79.40%
STATEN ISLAND,All Grades,2009,Female,12603,686,244,1.90%,1395,11.10%,6992,55.50%,3972,31.50%,10964,87.00%
STATEN ISLAND,All Grades,2009,Male,13558,684,392,2.90%,1649,12.20%,7372,54.40%,4145,30.60%,11517,84.90%
STATEN ISLAND,All Grades,2010,Female,12663,685,867,6.80%,3965,31.30%,4452,35.20%,3379,26.70%,7831,61.80%
STATEN ISLAND,All Grades,2010,Male,13613,683,1169,8.60%,4243,31.20%,4711,34.60%,3490,25.60%,8201,60.20%
STATEN ISLAND,All Grades,2011,Female,12744,685,781,6.10%,3482,27.30%,5420,42.50%,3061,24.00%,8481,66.50%
STATEN ISLAND,All Grades,2011,Male,13776,684,1076,7.80%,3853,28.00%,5449,39.60%,3398,24.70%,8847,64.20%